PRODUCT_ID,DESCRIPTION,PRICE
P00279442,Born To Be Wild Lion 4x6 Picture Frame (baby gifts),28.99
P00263542,CLOSEOUT! 14K Yellow Gold 22 Solid Perfectina Chain Necklace (gold jewelry),166
P00052742,Honey-Can-Do® 2-Pack 48 Steel Shelving Support Poles - Chrome (desktop & office storage),54.9
P00301542,Despicable Me 14½ Dave Plush Backpack (purses & accessories),14.49
P00001842,Disney Collection Daisy Duck Medium 18 Plush (mickey mouse and friends),19.34
P00017842,Marvel® Ultimate Spider-Man™ Boys' 10 Backpack (study essentials),24.82
P00312842,Liz Claiborne® Carlyle 18 Square Decorative Pillow (liz claiborne), 
P00344542,Timeless Love Anniversary Metal 4x6 Picture Frame (picture frames & albums),45.93
P00332442,Trellise Glass Top 28 Sofa Table (tables),664.74
P00054842,Arizona Colorblock Stripe Swim Trunks - Boys 8-20 (boys husky),18.12
P00199842,Arizona Graphic Muscle Tee - Boys 8-20 (graphic tees),7.24
P00360542,Arizona Raglan Henley Tee - Boys 8-20 (clearance),10.87
P00342942,Arizona Plaid Cargo Shorts - Boys 8-20 (doorbuster),27.9
P00028342,Arizona Striped Palm Swim Trunks - Boys 8-20 (swim trunks), 
P00200542,Arizona Short-Sleeve Solid Knit Polo - Boys 8-20 (for kids),23.65
P00246942,Disney Collection Frozen Nightshirt - Girls 2-10 (pajamas and slippers),17
P00115842,Disney Frozen Nightgown - Girls 4-10 (clearance),18.09
P00018542,Jockey® Classic 3Pk French-Cut Panties - 9480 (panties), 
P00327342,IZOD® 2-pk. Knit Boxers - Boys 8-20 (underwear),16.92
P00257442,IZOD® Dress Shirt and Tie Set - Boys 8-20 (boys 8-20),25.37
P00280342,IZOD® Dress Shirt and Tie Set - Boys 8-20 (dress clothes),25.37
P00370142,IZOD® Dress Shirt and Tie Set - Boys 8-20 (dress clothes), 
P00265042,IZOD® Dress Shirt and Tie Set - Boys 8-20 (izod),25.37
P00339442,IZOD® Dress Shirt and Tie Set - Boys 8-20 (big kid (6-20)), 
P00300942,IZOD® Dress Shirt and Tie Set - Boys 8-20 (big kid (6-20)),24.82
P00086942,IZOD® Dress Shirt and Tie Set - Boys 8-20 (dress clothes),25.37
P00199942,Jockey® Wicking Skimmies Anti-Static Slipshorts - 2100 (shapewear & girdles),26.03
P00200042,Jockey® Elance® Supersoft 3-pk. Bikini Panties - 2070 (panties), 
P00134442,Escali® Solar Bamboo Bath Scale ECO180 (bathroom accessories),66.26
P00313942,IZOD® Long-Sleeve Shirt - Boys 8-20 (shirts & tees),12.07
P00203142,French Toast® Short-Sleeve Layered Cardigan - Girls 7-20 (sweaters),22.3
P00285242,Dickies® Twill Jacket - Boys 8-20 (kid's coats & jackets),58.03
P00031142,Disney Collection Doc McStuffins Short-Sleeve Graphic Tee - Girls 2-10 (preschool (4-7x)),8.27
P00254942,Disney Collection Dory Nightshirt - Girls 2-10 (gifts under $15),14.18
P00012842,Disney Collection Frozen Cover-Up - Girls 2-10 (girl's swimwear),21.29
P00047742,Levi's® 3/4-Sleeve Knit Raglan Tee - Boys 8-20 (under $25),14.49
P00010142,Levi's® Checkered Reversible Belt - Boys 8-20 (belts & suspenders),21.76
P00202942,Levi's® Short-Sleeve Graphic Tee - Boys 8-20 (cotton),15.7
P00284342,Nike® Base Layer Dri-FIT Shorts - Boys 8-20 (boy's shorts),
P0098842,Spider-Man Fleece Hoodie - Boys 8-20 (shirts & tees),18.6
P00100542,Spider-Man Pajama Pants - Boys 4-10 (pajamas),15.36
P00355642,Nike® Short-Sleeve Graphic Tee - Boys 8-20 (boys),19.34
P00040942,Nike® Weighted Rope 2.0 (nike),18.13
P00298442,Zero Xposur® Barbed-Wire Swim Trunks and Goggles Set - Boys 8-20 (swimwear),20.53
P00309342,Zero Xposur® Barbed-Wire Swim Trunks and Goggles Set - Boys 8-20 (swim trunks),20.53
P00002342,Xersion™ Athletic Training Pants - Boys 8-20 (pants),10.35
P00046942,Van Heusen® Striped Navy Suit - Boys 8-20 (dress clothes),84.59
P00124642,Xersion™ Dazzle Shorts - Boys 8-20 (shorts),9.45
P00286142,Vans® Graphic Tee - Boys 8-20 (vans),16.91
P00157242,Vans® Graphic Tee - Boys 8-20 (shirts & tees),16.91
P00157042,Xersion™ Graphic Tee - Boys 8-20 (xersion),9.66
P00240742,Vans® Lightweight Raglan Hoodie - Boys 8-20 (kid's sweaters),30.2
P00058742,Vans® Lightweight Raglan Hoodie - Boys 8-20 (sale),29.76
P00066842,Vans® Lightweight Raglan Hoodie - Boys 8-20 (kid's coats & jackets),29.76
P00288642,Vans® Lightweight Raglan Hoodie - Boys 8-20 (collections), 
P00250342,Xersion™ Quick-Dri Graphic Tee - Boys 8-20 (xersion),7.24
P00199642,Zoo York® Twill Pants - Boys 8-20 (zoo york),27.18
P00200142,Zoo York® Twill Pants - Boys 8-20 (collections),27.18
P00163042,Zoo York® Twill Pants - Boys 8-20 (pants), 
P00288742,Jockey® No Panty Line Promise® Tactel® Camisole - 2051 (jockey),31.42
P00348742,Nike® 3-pk. Graphic No-Show Crew Socks - Boys 7-11 (nike),12.07
P00152542,Disney Collection Frozen Elsa Graphic Tee - Girls 2-12 (shirts & tops),6.95
P00225442,Disney Collection Frozen Elsa Graphic Tee - Girls 2-12 (clearance),10.9
P00061442,Jockey® Skimmies Cooling Mid-Length Slipshorts - 2113 (shapewear & girdles),29.01
P00279742,Jockey® Skimmies Cling-Free Long-Length Slipshorts - 2125 (shapewear & girdles),35.5
P00361242,Jockey® Skimmies Cling-Free Long-Length Slipshorts - 2125 (slips),24.16
P00019542,Arizona Cotton Denim Shorts - Girls 7-16 (shorts & capris),18.12
P00202342,Arizona Short-Sleeve Fave Solid Tee - Girls 7-16 (girls plus),6.03
P00064442,Disney Frozen 7-pk. Brief Panties - Girls 2t-6 (cotton),17.72
P00064142,Disney Frozen High-Low Top - Girls 7-16 (girls' graphic tees),19.7
P00074042,IZOD® Soft Jogger Pants - Girls 7-16 (girl's pants),10.64
P00261542,IZOD® Soft Jogger Pants - Girls 7-16 (girl's pants),10.88
P00207442,IZOD® Soft Jogger Pants - Girls 7-16 (izod),10.88
P00171042,IZOD® Soft Jogger Pants - Girls 7-16 (school uniforms),10.88
P00277242,French Toast® Ribbon & Bow Blouse - Girls 7-16 (french toast),13.01
P00200342,Levi's® Distressed Skinny Jeans - Girls 7-16 (jeans),27.79
P00359142,Levi's® Thick-Stitch Skinny Jeans - Girls 7-16 (girl's jeans),43.6
P00149842,Levi's® Thick-Stitch Skinny Jeans - Girls 7-16 (big kid (6-20)),42.7
P00132442,Minnie Mouse Leggings - Girls 7-16 (disney),16.54
P00072342,Marathon by Timex® Blue Resin Strap Digital Watch TW5K85000M6 (watches under $100),21.81
P00210742,Marathon by Timex® Womens White Resin Strap Digital Watch T5K806M6 (women's watches),21.81
P00054142,Marathon by Timex® Womens White Resin Strap Digital Watch T5K806M6 (jewelry & watches),21.81
P00093042,My Little Pony 7-pk. Brief Panties - Preschool Girls 4-6 (underwear & socks),17.72
P00204142,My Little Pony Stars and Stripes Top - Girls 7-16 (graphic tees),19
P00231242,My Little Pony Stars and Stripes Top - Girls 7-16 (girls' graphic tees),19
P00036442,Marmelatta Floral Dress - Girls 7-16 (dresses & dress clothes),46.1
P00090542,Xersion™ Running Shorts - Girls 7-16 (activewear),9.66
P00284242,adidas® Long-Sleeve Graphic Tee - Preschool Boys 4-7 (boys 4-7),9.29
P00311342,adidas® Long-Sleeve Soccer Tee - Preschool Boys 4-7 (boys 4-7),17.78
P00355542,Arizona Camo Swim Trunks - Preschool Boys 4-7 (swimwear),15.25
P00255842,Arizona Poplin Chino Shorts - Preschool Boys 4-7 (shorts & capris),15.7
P00331842,Arizona Relaxed-Fit Jeans - Preschool Boys 4-7 (jeans),31.42
P00302642,Arizona Relaxed-Fit Jeans - Preschool Boys 4-7 (jeans),19.33
P00174842,Arizona Short Sleeve Plaid Shirt - Preschool Boys 4-7 (shirts),24.6
P00300042,Arizona Short-Sleeve Polo - Pre-School Boys 4-7 (arizona),10.87
P00259942,Arizona Short-Sleeve Surfer Tee - Preschool Boys 4-7 (arizona),10.87
P00285042,Carter's® Short-Sleeve Flamingo Tee - Preschool Girls 4-7 (girls 7-16),10.63
P00298542,Carter's® Tie-Dye Capri Leggings - Preschool Girls 4-7 (girl's pants),
P00263442,IZOD® Dress Shirt and Tie Set - Preschool Boys 4-7 (dresses & dress clothes),
P00284942,Okie Dokie® Graphic Muscle Tee - Preschool Boys 4-7 (boys 4-7),
P00246842,Okie Dokie® Mesh Shorts - Preschool Boys 4-7 (bottoms),
P00023442,Okie Dokie® Tank Top - Preschool Boys 4-7 (preschool (4-7x)),8.27
P00203042,Nike® Essentials Short-Sleeve Tee - Preschool Boys 4-7 (activewear),25.14
P00203842,Star Wars™ Dress Shirt and Comic Tie Set - Preschool Boys 4-7 (preschool (4-7x)),18.08
P00056642,Star Wars™ Dress Shirt and Sith Lord Tie Set - Preschool Boys 4-7 (ring bearer),16.07
